{"x":[0,1,2,3,4,5,6,7,8,9,10,11,12,13,14,15,16,17,18,19,20,21,22,23,24,25,26,27,28,29,30,31,32,33,34,35,36,37,38,39,40,41,42,43,44,45,46,47,48,49,50,51,52,53,54,55,56,57,58,59,60,61,62,63,64,65,66,67,68,69,70,71,72,73,74,75,76,77,78,79,80,81,82,83,84,85,86,87,88,89,90,91,92,93,94,95,96,97,98,99,100],"y":[97.6499042959291,69.68327153641872,74.2543573285784,76.0006762566708,46.89352533687412,69.87417975379546,51.22061120110843,10.539593315556338,91.86219511580647,45.008331672787975,59.482467189859236,54.52304337714675,59.41670591874561,52.769870524962734,30.34855512617243,57.239989572338224,79.50873471331867,41.57061816249572,15.498251016447039,55.064126904768784,84.60549655381433,61.71424135627386,36.505342652892956,96.63396142046253,61.460342595977835,34.095147134942216,22.921513798710368,52.15963015255958,72.33384875697449,99.63000731776796,10.147635632036224,84.46276480356703,13.34825623350171,71.56064869558074,95.81892938908483,47.00472625831733,40.03378056844436,26.13550856506781,32.79074986440935,56.915658743971974,42.95340402460517,33.050378079193756,89.809964435667,18.841177285076615,0.05633635275610338,29.504364523887936,55.34248082222679,10.910139874016478,42.39597296327338,24.289814069953366,86.47254183752091,84.94522841755443,29.49488533974418,74.31261748019853,28.02685136040801,21.854696350218063,87.5777550274179,46.09735765306064,79.09366322168256,17.608959294174163,91.65695969911256,26.430660677125537,74.18943740800164,96.30616944306938,46.201381358782356,83.93557733338722,71.64626232347817,59.90923609718959,71.86220408249243,74.47808459408137,83.13996631349536,94.40265427490617,74.77999450982311,97.88115864342481,37.34868887700078,90.77588680320568,69.71994664159338,2.609984423747158,40.22356058365195,67.36608502172507,15.13858941848165,91.9574783120352,16.16976134484689,77.6896121414268,5.441020541557817,6.469641416502703,74.00705367753027,9.145018205824806,96.1635274903383,85.1366427129812,58.13891566565444,65.2819742553862,25.08738580864327,7.845496535373764,7.573464853278433,41.08263768087996,18.48515668441575,85.92637318671625,82.5133818931773,83.72148119687822,0.6008150466296547]}