{"x":[0,0.17578125,0.3515625,0.52734375,0.703125,0.87890625,1.0546875,1.23046875,1.40625,1.58203125,1.7578125,1.93359375,2.109375,2.28515625,2.4609375,2.63671875,2.8125,2.98828125,3.1640625,3.33984375,3.515625,3.69140625,3.8671875,4.04296875,4.21875,4.39453125,4.5703125,4.74609375,4.921875,5.09765625,5.2734375,5.44921875,5.625,5.80078125,5.9765625,6.15234375,6.328125,6.50390625,6.6796875,6.85546875,7.03125,7.20703125,7.3828125,7.55859375,7.734375,7.91015625,8.0859375,8.26171875,8.4375,8.61328125,8.7890625,8.96484375,9.140625,9.31640625,9.4921875,9.66796875,9.84375,10.01953125,10.1953125,10.37109375,10.546875,10.72265625,10.8984375,11.07421875,11.25,11.42578125,11.6015625,11.77734375,11.953125,12.12890625,12.3046875,12.48046875,12.65625,12.83203125,13.0078125,13.18359375,13.359375,13.53515625,13.7109375,13.88671875,14.0625,14.23828125,14.4140625,14.58984375,14.765625,14.94140625,15.1171875,15.29296875,15.46875,15.64453125,15.8203125,15.99609375,16.171875,16.34765625,16.5234375,16.69921875,16.875,17.05078125,17.2265625,17.40234375,17.578125,17.75390625,17.9296875,18.10546875,18.28125,18.45703125,18.6328125,18.80859375,18.984375,19.16015625,19.3359375,19.51171875,19.6875,19.86328125],"y":[-1,-1,-1,-1,-1,-1,0.9999999999252908,0.9999999171889025,0.9999804340033952,0.996045077799646,0.9495218607772297,0.8611482513344153,0.9990286778413925,0.22723810708597905,0.9955551262184661,-0.021006542897475285,0.9934525409178591,0.5190155748557349,-0.07086871347016006,0.4278883367149769,0.9971466878879904,0.4008850395840544,-0.05437850720501998,-0.06099842444624434,0.2764428861264408,0.990543260318119,0.9980013634621756,0.6467524635929236,0.10918660328444295,-0.05232167128424745,-0.08946837364002537,-0.06086686386867714,0.05273526331990809,0.3458762244330534,0.8328272181875696,0.9976468203256234,0.9995668549914698,0.9904522613519273,0.8104221192845017,0.4682221444450985,0.20856531410964643,0.06028378439667636,-0.019456263487001517,-0.06318863114263219,-0.08402242098931618,-0.09285275021453604,-0.08593718981420015,-0.0702683194425835,-0.039887314575693326,0.005995046791692085,0.0746016654402793,0.17359216917439627,0.28256025964007037,0.32617375543163313,0.32627253626659175,0.39605507334405143,0.5983773200984693,0.862353758860412,0.9883579339714469,0.9995400638043809,0.9996275853359694,0.9985636458963095,0.956773302163496,0.762157259566136,0.4850189426489152,0.2840371956567246,0.17867677234349674,0.13731035850961387,0.14022567082792697,0.17254671520605896,0.21651363374107654,0.23409435142361992,0.21311587282637853,0.16644069502686637,0.11774118641145352,0.07721846249765371,0.04535897146001936,0.02060057831963602,0.0004759857540517584,-0.016202060579759904,-0.029465717139014285,-0.039277972746349,-0.0466815129352389,-0.05316240395367526,-0.05979862294459488,-0.06790752754137684,-0.0775772698497546,-0.08507201737600395,-0.09001744726953666,-0.09288519722753295,-0.09330858751805556,-0.09124876034918802,-0.08775003526787063,-0.08511823091115331,-0.08120660224765282,-0.07458133752985928,-0.06720884666203145,-0.060119042548272626,-0.053494923804477804,-0.04730228993030914,-0.04147644795200838,-0.03576885725550858,-0.029502399467019467,-0.02187000587098361,-0.012748246480512157,-0.0022812734542205495,0.00861316411917966,0.018561869686117453,0.02654499114148362,0.032457628311534904,0.037362280610451035,0.043555670873213465,0.053281453464083646,0.06709934858043158]}