{"x":[0,1,2,3,4,5,6,7,8,9,10,11,12,13,14,15,16,17,18,19,20,21,22,23,24,25,26,27,28,29,30,31,32,33,34,35,36,37,38,39,40,41,42,43,44,45,46,47,48,49,50,51,52,53,54,55,56,57,58,59,60,61,62,63,64,65,66,67,68,69,70,71,72,73,74,75,76,77,78,79,80,81,82,83,84,85,86,87,88,89,90,91,92,93,94,95,96,97,98,99,100],
    "y":[27.850226730831196,192.19684904062521,8.748122917440648,41.40693621648517,74.95004850100453,18.70849105681711,55.31532902399785,10.164746291866056,45.04771105945997,67.44457213202075,39.78191289008413,92.23317081969786,98.01524221576798,4.366959531637216,92.4209131564865,42.788166284437736,94.8370749060724,27.612898961871114,28.999447742039663,97.5722546350013,54.549124479110574,85.28747149837687,67.67282471092248,12.249629580789101,46.855446956501765,46.93280535522262,73.05584795888875,39.656611096365936,18.21854040670601,76.86982825100881,63.35982421184199,11.099296555070847,96.85176953970529,41.70992976828427,94.62466757008043,83.52810503830241,57.4002350258531,29.815912779509055,74.77796533128964,17.52692311499462,14.75920334793539,99.17476125807079,99.04825863115212,69.18117634085999,84.57123730521118,92.09721695495551,85.0313415246009,26.110094075088732,30.46743676655921,22.02044983713778,68.56859746209712,4.698200329044622,4.678245283071236,97.82421577565144,3.469931774732271,83.48274413640908,45.22198059449811,9.781739091193685,95.32342696497726,53.278379394274246,46.16518068601461,21.70009360551464,70.19141847614117,18.16751559963099,54.03545863455308,16.993078064319068,16.71238593349429,66.27466272947764,72.3920014781368,34.228661998896804,28.55517454069545,52.355129678933366,80.26311408753331,84.98674123230046,37.53449269557161,44.34314705478535,28.74682359500802,36.071245571025614,72.2863635422526,27.0954921854456,90.6974086770447,30.715023159253118,80.87212338688829,55.39642630499622,49.88698053294909,31.50945467914712,50.65166571673954,27.292783040305977,65.53595530282095,12.094771718899144,47.963509148900215,91.57161183309013,84.05785893944714,69.12279788670621,12.74421547500908,9.335750699815094,55.27614032754777,75.22951788007919,42.42121137479218,26.95093047543169,6.159915385666159]}